{
    "ver": "2",
    "id": [ "34d45345", "gt435345", "235643gret" ],
    "drive": [ 36, 2, 0, 65, 26 ],
    "time": [ 17, 12, 2023, 12, 45, 979, 7 ],
    "sum": [ 12323, 5543, 34545.67, 344.234, 10.5, 4.5 ],
    "llh": [ -20.23213123, 123.12312323, 122.33 ],
    "xyz": [ 123123.123123, 15469452.342, 122.33 ],
    "ypr": [ 123.2, -12.34, 123.22 ],
    "rtk": [ 234, 23, 23, 2 ],
    "sen": [ 23, 34, 0, 0, 0, 0, 0, 0, 0, 0, 0, 0, 0 ],
    "ctr_fed": [
        12, 23,
        1020, 1001,
        1, 1.0,
        2, 2.0,
        -1, -1.0,
        1.21, 1.19,
        35, 35.01,
        5.6, 5.4,
        4.5, 4.4
    ],
    "ctr_oly": [ 1, 0, 0, 0, 1, 90, 90, 90 ],
    "plans": [ 
        20.23424, 106.123233,
        20.92342423, 106.2123233,
        20.234224, 106.1232633,
        20.234264, 106.8123233,
        20.234524, 106.1232233,
        20.24346724, 106.123233,
        20.23424, 106.1238233,
        20.9232424, 106.1223233,
        20.235424, 106.1232363,
        20.23424, 106.123233,
        20.232424, 106.123233,
        20.423424, 106.1232233,
        20.23424, 106.1232833,
        20.23424, 106.1232233,
        20.234724, 106.1823233
    ],
   "err": [ 0, 1, 123, 213 ]
}